USE [VNPOST_Appointment]
GO
INSERT [dbo].[Province] ([PostalProvinceCode], [PostalProvinceName], [ProvinceCode]) VALUES (N'1', N'Quảng Ninh                    ', N'20')
GO
INSERT [dbo].[Province] ([PostalProvinceCode], [PostalProvinceName], [ProvinceCode]) VALUES (N'10', N'Hà Nội                        ', N'10')
GO
INSERT [dbo].[Province] ([PostalProvinceCode], [PostalProvinceName], [ProvinceCode]) VALUES (N'15', N'Vĩnh Phúc                     ', N'28')
GO
INSERT [dbo].[Province] ([PostalProvinceCode], [PostalProvinceName], [ProvinceCode]) VALUES (N'16', N'Bắc Ninh                      ', N'22')
GO
INSERT [dbo].[Province] ([PostalProvinceCode], [PostalProvinceName], [ProvinceCode]) VALUES (N'17', N'Hưng Yên                      ', N'16')
GO
INSERT [dbo].[Province] ([PostalProvinceCode], [PostalProvinceName], [ProvinceCode]) VALUES (N'18', N'Hà Nam                        ', N'40')
GO
INSERT [dbo].[Province] ([PostalProvinceCode], [PostalProvinceName], [ProvinceCode]) VALUES (N'20', N'Hà Giang                      ', N'31')
GO
INSERT [dbo].[Province] ([PostalProvinceCode], [PostalProvinceName], [ProvinceCode]) VALUES (N'21', N'Cao Bằng                      ', N'27')
GO
INSERT [dbo].[Province] ([PostalProvinceCode], [PostalProvinceName], [ProvinceCode]) VALUES (N'22', N'Tuyên Quang                   ', N'30')
GO
INSERT [dbo].[Province] ([PostalProvinceCode], [PostalProvinceName], [ProvinceCode]) VALUES (N'23', N'Bắc Kạn                       ', N'26')
GO
INSERT [dbo].[Province] ([PostalProvinceCode], [PostalProvinceName], [ProvinceCode]) VALUES (N'24', N'Thái Nguyên                   ', N'25')
GO
INSERT [dbo].[Province] ([PostalProvinceCode], [PostalProvinceName], [ProvinceCode]) VALUES (N'25', N'Lạng Sơn                      ', N'24')
GO
INSERT [dbo].[Province] ([PostalProvinceCode], [PostalProvinceName], [ProvinceCode]) VALUES (N'26', N'Bắc Giang                     ', N'23')
GO
INSERT [dbo].[Province] ([PostalProvinceCode], [PostalProvinceName], [ProvinceCode]) VALUES (N'3', N'Hải Dương                     ', N'17')
GO
INSERT [dbo].[Province] ([PostalProvinceCode], [PostalProvinceName], [ProvinceCode]) VALUES (N'30', N'Lai Châu                      ', N'39')
GO
INSERT [dbo].[Province] ([PostalProvinceCode], [PostalProvinceName], [ProvinceCode]) VALUES (N'31', N'Lào Cai                       ', N'33')
GO
INSERT [dbo].[Province] ([PostalProvinceCode], [PostalProvinceName], [ProvinceCode]) VALUES (N'32', N'Điện Biên', N'38')
GO
INSERT [dbo].[Province] ([PostalProvinceCode], [PostalProvinceName], [ProvinceCode]) VALUES (N'33', N'Yên Bái                       ', N'32')
GO
INSERT [dbo].[Province] ([PostalProvinceCode], [PostalProvinceName], [ProvinceCode]) VALUES (N'34', N'Sơn La                        ', N'36')
GO
INSERT [dbo].[Province] ([PostalProvinceCode], [PostalProvinceName], [ProvinceCode]) VALUES (N'35', N'Phú Thọ                       ', N'29')
GO
INSERT [dbo].[Province] ([PostalProvinceCode], [PostalProvinceName], [ProvinceCode]) VALUES (N'36', N'Hoà Bình                      ', N'35')
GO
INSERT [dbo].[Province] ([PostalProvinceCode], [PostalProvinceName], [ProvinceCode]) VALUES (N'4', N'Hải Phòng                     ', N'18')
GO
INSERT [dbo].[Province] ([PostalProvinceCode], [PostalProvinceName], [ProvinceCode]) VALUES (N'40', N'Thanh Hoá                     ', N'44')
GO
INSERT [dbo].[Province] ([PostalProvinceCode], [PostalProvinceName], [ProvinceCode]) VALUES (N'43', N'Nghệ An                       ', N'46')
GO
INSERT [dbo].[Province] ([PostalProvinceCode], [PostalProvinceName], [ProvinceCode]) VALUES (N'45', N'Hà Tĩnh                       ', N'48')
GO
INSERT [dbo].[Province] ([PostalProvinceCode], [PostalProvinceName], [ProvinceCode]) VALUES (N'47', N'Quảng Bình                    ', N'51')
GO
INSERT [dbo].[Province] ([PostalProvinceCode], [PostalProvinceName], [ProvinceCode]) VALUES (N'48', N'Quảng Trị                     ', N'52')
GO
INSERT [dbo].[Province] ([PostalProvinceCode], [PostalProvinceName], [ProvinceCode]) VALUES (N'49', N'Thừa Thiên Huế', N'53')
GO
INSERT [dbo].[Province] ([PostalProvinceCode], [PostalProvinceName], [ProvinceCode]) VALUES (N'50', N'Đà Nẵng                       ', N'55')
GO
INSERT [dbo].[Province] ([PostalProvinceCode], [PostalProvinceName], [ProvinceCode]) VALUES (N'51', N'Quảng Nam                     ', N'56')
GO
INSERT [dbo].[Province] ([PostalProvinceCode], [PostalProvinceName], [ProvinceCode]) VALUES (N'53', N'Quảng Ngãi                    ', N'57')
GO
INSERT [dbo].[Province] ([PostalProvinceCode], [PostalProvinceName], [ProvinceCode]) VALUES (N'55', N'Bình Định                     ', N'59')
GO
INSERT [dbo].[Province] ([PostalProvinceCode], [PostalProvinceName], [ProvinceCode]) VALUES (N'56', N'Phú Yên                       ', N'62')
GO
INSERT [dbo].[Province] ([PostalProvinceCode], [PostalProvinceName], [ProvinceCode]) VALUES (N'57', N'Khánh Hoà                     ', N'65')
GO
INSERT [dbo].[Province] ([PostalProvinceCode], [PostalProvinceName], [ProvinceCode]) VALUES (N'59', N'Ninh Thuận                    ', N'66')
GO
INSERT [dbo].[Province] ([PostalProvinceCode], [PostalProvinceName], [ProvinceCode]) VALUES (N'6', N'Thái Bình                     ', N'41')
GO
INSERT [dbo].[Province] ([PostalProvinceCode], [PostalProvinceName], [ProvinceCode]) VALUES (N'60', N'Kon Tum                       ', N'58')
GO
INSERT [dbo].[Province] ([PostalProvinceCode], [PostalProvinceName], [ProvinceCode]) VALUES (N'61', N'Gia Lai                       ', N'60')
GO
INSERT [dbo].[Province] ([PostalProvinceCode], [PostalProvinceName], [ProvinceCode]) VALUES (N'63', N'Đắk Lăk                       ', N'63')
GO
INSERT [dbo].[Province] ([PostalProvinceCode], [PostalProvinceName], [ProvinceCode]) VALUES (N'65', N'Đắk Nông', N'64')
GO
INSERT [dbo].[Province] ([PostalProvinceCode], [PostalProvinceName], [ProvinceCode]) VALUES (N'66', N'Lâm Đồng                      ', N'67')
GO
INSERT [dbo].[Province] ([PostalProvinceCode], [PostalProvinceName], [ProvinceCode]) VALUES (N'67', N'Bình Phước                    ', N'83')
GO
INSERT [dbo].[Province] ([PostalProvinceCode], [PostalProvinceName], [ProvinceCode]) VALUES (N'7', N'Nam Định                      ', N'42')
GO
INSERT [dbo].[Province] ([PostalProvinceCode], [PostalProvinceName], [ProvinceCode]) VALUES (N'70', N'Hồ Chí Minh', N'70')
GO
INSERT [dbo].[Province] ([PostalProvinceCode], [PostalProvinceName], [ProvinceCode]) VALUES (N'75', N'Bình Dương                    ', N'82')
GO
INSERT [dbo].[Province] ([PostalProvinceCode], [PostalProvinceName], [ProvinceCode]) VALUES (N'76', N'Đồng Nai                      ', N'81')
GO
INSERT [dbo].[Province] ([PostalProvinceCode], [PostalProvinceName], [ProvinceCode]) VALUES (N'77', N'Bình Thuận                    ', N'80')
GO
INSERT [dbo].[Province] ([PostalProvinceCode], [PostalProvinceName], [ProvinceCode]) VALUES (N'78', N'Bà Rịa Vũng Tàu               ', N'79')
GO
INSERT [dbo].[Province] ([PostalProvinceCode], [PostalProvinceName], [ProvinceCode]) VALUES (N'8', N'Ninh Bình                     ', N'43')
GO
INSERT [dbo].[Province] ([PostalProvinceCode], [PostalProvinceName], [ProvinceCode]) VALUES (N'80', N'Tây Ninh                      ', N'84')
GO
INSERT [dbo].[Province] ([PostalProvinceCode], [PostalProvinceName], [ProvinceCode]) VALUES (N'81', N'Đồng Tháp                     ', N'87')
GO
INSERT [dbo].[Province] ([PostalProvinceCode], [PostalProvinceName], [ProvinceCode]) VALUES (N'82', N'Long An                       ', N'85')
GO
INSERT [dbo].[Province] ([PostalProvinceCode], [PostalProvinceName], [ProvinceCode]) VALUES (N'84', N'Tiền Giang                    ', N'86')
GO
INSERT [dbo].[Province] ([PostalProvinceCode], [PostalProvinceName], [ProvinceCode]) VALUES (N'85', N'Vĩnh Long                     ', N'89')
GO
INSERT [dbo].[Province] ([PostalProvinceCode], [PostalProvinceName], [ProvinceCode]) VALUES (N'86', N'Bến Tre                       ', N'93')
GO
INSERT [dbo].[Province] ([PostalProvinceCode], [PostalProvinceName], [ProvinceCode]) VALUES (N'87', N'Trà Vinh                      ', N'94')
GO
INSERT [dbo].[Province] ([PostalProvinceCode], [PostalProvinceName], [ProvinceCode]) VALUES (N'90', N'An Giang                      ', N'88')
GO
INSERT [dbo].[Province] ([PostalProvinceCode], [PostalProvinceName], [ProvinceCode]) VALUES (N'91', N'Kiên Giang                    ', N'92')
GO
INSERT [dbo].[Province] ([PostalProvinceCode], [PostalProvinceName], [ProvinceCode]) VALUES (N'94', N'Cần Thơ                       ', N'90')
GO
INSERT [dbo].[Province] ([PostalProvinceCode], [PostalProvinceName], [ProvinceCode]) VALUES (N'95', N'Hậu Giang', N'91')
GO
INSERT [dbo].[Province] ([PostalProvinceCode], [PostalProvinceName], [ProvinceCode]) VALUES (N'96', N'Sóc Trăng                     ', N'95')
GO
INSERT [dbo].[Province] ([PostalProvinceCode], [PostalProvinceName], [ProvinceCode]) VALUES (N'97', N'Bạc Liêu                      ', N'96')
GO
INSERT [dbo].[Province] ([PostalProvinceCode], [PostalProvinceName], [ProvinceCode]) VALUES (N'98', N'Cà Mau                        ', N'97')
GO
INSERT [dbo].[District] ([PostalDistrictCode], [PostalDistrictName], [DistrictCode], [PostalProvinceCode]) VALUES (N'1000', N'TT TP Hà Nội', N'1000', N'10')
GO
INSERT [dbo].[District] ([PostalDistrictCode], [PostalDistrictName], [DistrictCode], [PostalProvinceCode]) VALUES (N'1100', N'Quận Hoàn Kiếm', N'1100', N'10')
GO
INSERT [dbo].[District] ([PostalDistrictCode], [PostalDistrictName], [DistrictCode], [PostalProvinceCode]) VALUES (N'1110', N'Quận Ba Đình', N'1180', N'10')
GO
INSERT [dbo].[District] ([PostalDistrictCode], [PostalDistrictName], [DistrictCode], [PostalProvinceCode]) VALUES (N'1120', N'Quận Tây Hồ', N'1240', N'10')
GO
INSERT [dbo].[District] ([PostalDistrictCode], [PostalDistrictName], [DistrictCode], [PostalProvinceCode]) VALUES (N'1130', N'Quận Cầu Giấy', N'1220', N'10')
GO
INSERT [dbo].[District] ([PostalDistrictCode], [PostalDistrictName], [DistrictCode], [PostalProvinceCode]) VALUES (N'1140', N'Quận Thanh Xuân', N'1200', N'10')
GO
INSERT [dbo].[District] ([PostalDistrictCode], [PostalDistrictName], [DistrictCode], [PostalProvinceCode]) VALUES (N'1150', N'Quận Đống Đa', N'1150', N'10')
GO
INSERT [dbo].[District] ([PostalDistrictCode], [PostalDistrictName], [DistrictCode], [PostalProvinceCode]) VALUES (N'1160', N'Quận Hai Bà Trưng', N'1120', N'10')
GO
INSERT [dbo].[District] ([PostalDistrictCode], [PostalDistrictName], [DistrictCode], [PostalProvinceCode]) VALUES (N'1170', N'Quận Hoàng Mai', N'1270', N'10')
GO
INSERT [dbo].[District] ([PostalDistrictCode], [PostalDistrictName], [DistrictCode], [PostalProvinceCode]) VALUES (N'1180', N'Quận Long Biên', N'1250', N'10')
GO
INSERT [dbo].[District] ([PostalDistrictCode], [PostalDistrictName], [DistrictCode], [PostalProvinceCode]) VALUES (N'1190', N'Quận Bắc Từ Liêm', N'1430', N'10')
GO
INSERT [dbo].[District] ([PostalDistrictCode], [PostalDistrictName], [DistrictCode], [PostalProvinceCode]) VALUES (N'1200', N'Quận Nam Từ Liêm', N'1290', N'10')
GO
INSERT [dbo].[District] ([PostalDistrictCode], [PostalDistrictName], [DistrictCode], [PostalProvinceCode]) VALUES (N'1210', N'Quận Hà Đông', N'1510', N'10')
GO
INSERT [dbo].[District] ([PostalDistrictCode], [PostalDistrictName], [DistrictCode], [PostalProvinceCode]) VALUES (N'1220', N'Huyện Sóc Sơn', N'1390', N'10')
GO
INSERT [dbo].[District] ([PostalDistrictCode], [PostalDistrictName], [DistrictCode], [PostalProvinceCode]) VALUES (N'1230', N'Huyện Đông Anh', N'1360', N'10')
GO
INSERT [dbo].[District] ([PostalDistrictCode], [PostalDistrictName], [DistrictCode], [PostalProvinceCode]) VALUES (N'1240', N'Huyện Gia Lâm', N'1310', N'10')
GO
INSERT [dbo].[District] ([PostalDistrictCode], [PostalDistrictName], [DistrictCode], [PostalProvinceCode]) VALUES (N'1250', N'Huyện Thanh Trì', N'1340', N'10')
GO
INSERT [dbo].[District] ([PostalDistrictCode], [PostalDistrictName], [DistrictCode], [PostalProvinceCode]) VALUES (N'1260', N'Huyện Ba Vì', N'1547', N'10')
GO
INSERT [dbo].[District] ([PostalDistrictCode], [PostalDistrictName], [DistrictCode], [PostalProvinceCode]) VALUES (N'1270', N'Thị xã Sơn Tây', N'1540', N'10')
GO
INSERT [dbo].[District] ([PostalDistrictCode], [PostalDistrictName], [DistrictCode], [PostalProvinceCode]) VALUES (N'1280', N'Huyện Phúc Thọ', N'1536', N'10')
GO
INSERT [dbo].[District] ([PostalDistrictCode], [PostalDistrictName], [DistrictCode], [PostalProvinceCode]) VALUES (N'1290', N'Huyện Mê Linh', N'1420', N'10')
GO
INSERT [dbo].[District] ([PostalDistrictCode], [PostalDistrictName], [DistrictCode], [PostalProvinceCode]) VALUES (N'1300', N'Huyện Đan Phượng', N'1424', N'10')
GO
INSERT [dbo].[District] ([PostalDistrictCode], [PostalDistrictName], [DistrictCode], [PostalProvinceCode]) VALUES (N'1310', N'Huyện Thạch Thất', N'1553', N'10')
GO
INSERT [dbo].[District] ([PostalDistrictCode], [PostalDistrictName], [DistrictCode], [PostalProvinceCode]) VALUES (N'1320', N'Huyện Hoài Đức', N'1529', N'10')
GO
INSERT [dbo].[District] ([PostalDistrictCode], [PostalDistrictName], [DistrictCode], [PostalProvinceCode]) VALUES (N'1330', N'Huyện Quốc Oai', N'1557', N'10')
GO
INSERT [dbo].[District] ([PostalDistrictCode], [PostalDistrictName], [DistrictCode], [PostalProvinceCode]) VALUES (N'1340', N'Huyện Chương Mỹ', N'1561', N'10')
GO
INSERT [dbo].[District] ([PostalDistrictCode], [PostalDistrictName], [DistrictCode], [PostalProvinceCode]) VALUES (N'1350', N'Huyện Thanh Oai', N'1567', N'10')
GO
INSERT [dbo].[District] ([PostalDistrictCode], [PostalDistrictName], [DistrictCode], [PostalProvinceCode]) VALUES (N'1360', N'Huyện Thường Tín', N'1585', N'10')
GO
INSERT [dbo].[District] ([PostalDistrictCode], [PostalDistrictName], [DistrictCode], [PostalProvinceCode]) VALUES (N'1370', N'Huyện Mỹ Đức', N'1576', N'10')
GO
INSERT [dbo].[District] ([PostalDistrictCode], [PostalDistrictName], [DistrictCode], [PostalProvinceCode]) VALUES (N'1380', N'Huyện Ứng Hoà', N'1571', N'10')
GO
INSERT [dbo].[District] ([PostalDistrictCode], [PostalDistrictName], [DistrictCode], [PostalProvinceCode]) VALUES (N'1390', N'Huyện Phú Xuyên', N'1580', N'10')
GO
INSERT [dbo].[District] ([PostalDistrictCode], [PostalDistrictName], [DistrictCode], [PostalProvinceCode]) VALUES (N'700', N'TT Tỉnh Nam Định                      ', N'700', N'7')
GO
INSERT [dbo].[District] ([PostalDistrictCode], [PostalDistrictName], [DistrictCode], [PostalProvinceCode]) VALUES (N'710', N'Thành phố Nam Định', N'4210', N'7')
GO
INSERT [dbo].[District] ([PostalDistrictCode], [PostalDistrictName], [DistrictCode], [PostalProvinceCode]) VALUES (N'720', N'Huyện Mỹ Lộc', N'4239', N'7')
GO
INSERT [dbo].[District] ([PostalDistrictCode], [PostalDistrictName], [DistrictCode], [PostalProvinceCode]) VALUES (N'725', N'Huyện Vụ Bản', N'4242', N'7')
GO
INSERT [dbo].[District] ([PostalDistrictCode], [PostalDistrictName], [DistrictCode], [PostalProvinceCode]) VALUES (N'730', N'Huyện Ý Yên', N'4257', N'7')
GO
INSERT [dbo].[District] ([PostalDistrictCode], [PostalDistrictName], [DistrictCode], [PostalProvinceCode]) VALUES (N'740', N'Huyện Nghĩa Hưng', N'4265', N'7')
GO
INSERT [dbo].[District] ([PostalDistrictCode], [PostalDistrictName], [DistrictCode], [PostalProvinceCode]) VALUES (N'750', N'Huyện Nam Trực', N'4246', N'7')
GO
INSERT [dbo].[District] ([PostalDistrictCode], [PostalDistrictName], [DistrictCode], [PostalProvinceCode]) VALUES (N'760', N'Huyện Trực Ninh', N'4251', N'7')
GO
INSERT [dbo].[District] ([PostalDistrictCode], [PostalDistrictName], [DistrictCode], [PostalProvinceCode]) VALUES (N'770', N'Huyện Xuân Trường', N'4271', N'7')
GO
INSERT [dbo].[District] ([PostalDistrictCode], [PostalDistrictName], [DistrictCode], [PostalProvinceCode]) VALUES (N'780', N'Huyện Giao Thuỷ', N'4278', N'7')
GO
INSERT [dbo].[District] ([PostalDistrictCode], [PostalDistrictName], [DistrictCode], [PostalProvinceCode]) VALUES (N'790', N'Huyện Hải Hậu', N'4282', N'7')
GO
INSERT [dbo].[PostOffice] ([PosCode], [PosName], [Address], [Phone], [DistrictCode]) VALUES (118757, N'KHL Hùng Vương', N'Sô´175,   Phố Nguyễn Thái Học, Phường Điện Biên', N'4.39435895', N'1180')
GO
INSERT [dbo].[PostOffice] ([PosCode], [PosName], [Address], [Phone], [DistrictCode]) VALUES (120000, N'Thanh Xuân', N'Sô´51,   Đường Vũ Trọng Phụng, Phường Thanh Xuân Trung', N'4.38587198', N'1200')
GO
INSERT [dbo].[PostOffice] ([PosCode], [PosName], [Address], [Phone], [DistrictCode]) VALUES (120080, N'KHL Thanh Xuân', N'Sô´51,   Đường Vũ Trọng Phụng, Phường Thanh Xuân Trung', N'4.35571593', N'1200')
GO
INSERT [dbo].[PostOffice] ([PosCode], [PosName], [Address], [Phone], [DistrictCode]) VALUES (122158, N'HCC Cầu Giấy', N'Sô´8,   Phố Hoàng Sâm, Phường Nghĩa Đô', N'24.32191319', N'1220')
GO
INSERT [dbo].[PostOffice] ([PosCode], [PosName], [Address], [Phone], [DistrictCode]) VALUES (123085, N'HCC BĐTT3', N'  Đường Phạm Hùng, Phường Trung Hòa', NULL, N'1220')
GO
INSERT [dbo].[PostOffice] ([PosCode], [PosName], [Address], [Phone], [DistrictCode]) VALUES (124065, N'Lạc Long Quân', N'Sô´642,   Đường Lạc Long Quân, Phường Nhật Tân', NULL, N'1240')
GO
INSERT [dbo].[PostOffice] ([PosCode], [PosName], [Address], [Phone], [DistrictCode]) VALUES (125400, N'Đức Giang', N'Sô´147,   Đường Ngô Gia Tự, Phường Đức Giang', N'4.38271466', N'1250')
GO
INSERT [dbo].[PostOffice] ([PosCode], [PosName], [Address], [Phone], [DistrictCode]) VALUES (152090, N'HCC Hà Đông', N'Sô´4,   Đường Quang Trung, Phường Quang Trung', N'432939219', N'1510')
GO
INSERT [dbo].[PostOffice] ([PosCode], [PosName], [Address], [Phone], [DistrictCode]) VALUES (421650, N'KHL Nam Định', N'Sô´4,   Đường Hà Huy Tập, Phường Ngô Quyền', N'3868568', N'4210')
GO
INSERT [dbo].[PostOffice] ([PosCode], [PosName], [Address], [Phone], [DistrictCode]) VALUES (423900, N'Mỹ Lộc', N' Thôn Tuộc, Thị trấn Mỹ Lộc', N'3810990', N'4239')
GO
INSERT [dbo].[PostOffice] ([PosCode], [PosName], [Address], [Phone], [DistrictCode]) VALUES (424200, N'Vụ Bản', N'Sô´80A,   Đường Non Côi, Thị Trấn Gôi', N'3820101', N'4242')
GO
INSERT [dbo].[PostOffice] ([PosCode], [PosName], [Address], [Phone], [DistrictCode]) VALUES (424600, N'Nam Trực', N'  Đường Km9+500, Thị Trấn Nam Giang', N'827003', N'4246')
GO
INSERT [dbo].[PostOffice] ([PosCode], [PosName], [Address], [Phone], [DistrictCode]) VALUES (425100, N'Trực Ninh', N'  Đường Điện Biên, Thị Trấn Cổ Lễ', N'881003', N'4251')
GO
INSERT [dbo].[PostOffice] ([PosCode], [PosName], [Address], [Phone], [DistrictCode]) VALUES (425700, N'Ý Yên', N'Đường 57, Khu công nghiệp Công nghiệp, Thị Trấn Lâm', N'823101', N'4257')
GO
INSERT [dbo].[PostOffice] ([PosCode], [PosName], [Address], [Phone], [DistrictCode]) VALUES (426500, N'Nghĩa Hưng', N' Khu 1, Thị Trấn Liễu Đề', N'871003', N'4265')
GO
INSERT [dbo].[PostOffice] ([PosCode], [PosName], [Address], [Phone], [DistrictCode]) VALUES (427100, N'Xuân Trường', N' Tổ 18, Thị trấn Xuân Trường', N'886902', N'4271')
GO
INSERT [dbo].[PostOffice] ([PosCode], [PosName], [Address], [Phone], [DistrictCode]) VALUES (427800, N'Giao Thủy', N' Khu 3, Thị Trấn Ngô Đồng', N'3730602', N'4278')
GO
INSERT [dbo].[PostOffice] ([PosCode], [PosName], [Address], [Phone], [DistrictCode]) VALUES (428200, N'Hải Hậu', N' Khu 3, Thị Trấn Yên Định', N'3877101', N'4282')
GO
INSERT [dbo].[PublicAdministration] ([PublicAdministrationLocationID], [PublicAdministrationName], [Address], [Phone], [PosCode]) VALUES (274, N'Sở tư pháp', N'1A Trần Phú Hà Đông Hà Nội', N'2433824651', 152090)
GO
INSERT [dbo].[PublicAdministration] ([PublicAdministrationLocationID], [PublicAdministrationName], [Address], [Phone], [PosCode]) VALUES (559, N'Công an huyên Trực Ninh', N'Thị trấn Cổ Lễ Trực Ninh Nam Định', N'2283811113', 425100)
GO
INSERT [dbo].[PublicAdministration] ([PublicAdministrationLocationID], [PublicAdministrationName], [Address], [Phone], [PosCode]) VALUES (560, N'BẢO HIỂM XÃ HỘI HUYỆN MỸ LỘC', N'Km7 Quốc lộ 21A TT Mỹ Lộc Nam Định', N'2283810676', 423900)
GO
INSERT [dbo].[PublicAdministration] ([PublicAdministrationLocationID], [PublicAdministrationName], [Address], [Phone], [PosCode]) VALUES (561, N'CĐ Nghề 20(chưa xin được)', N'Trần Đăng Ninh', N'915300088', 421650)
GO
INSERT [dbo].[PublicAdministration] ([PublicAdministrationLocationID], [PublicAdministrationName], [Address], [Phone], [PosCode]) VALUES (562, N'Bảo Hiểm Xã Hội Thành phố NĐ', N'124 Nguyễn Đức Thuận', N'912034574', 421650)
GO
INSERT [dbo].[PublicAdministration] ([PublicAdministrationLocationID], [PublicAdministrationName], [Address], [Phone], [PosCode]) VALUES (563, N'Bảo Hiểm Xã Hội Tỉnh Nam Định', N'120 Nguyễn Đức Thuận', N'912065076', 421650)
GO
INSERT [dbo].[PublicAdministration] ([PublicAdministrationLocationID], [PublicAdministrationName], [Address], [Phone], [PosCode]) VALUES (564, N'Bảo Hiểm Xã Hội Huyện Xuân Trường', N'Thị trấn Xuân Trường Nam Định', N'2283886977', 427100)
GO
INSERT [dbo].[PublicAdministration] ([PublicAdministrationLocationID], [PublicAdministrationName], [Address], [Phone], [PosCode]) VALUES (565, N'Bảo hiểm xã hội Ý Yên', N'Thị trấn Lâm Ý Yên Nam Định', N'2283823226', 425700)
GO
INSERT [dbo].[PublicAdministration] ([PublicAdministrationLocationID], [PublicAdministrationName], [Address], [Phone], [PosCode]) VALUES (566, N'Bảo hiểm xã hội huyện Nghĩa Hưng ', N'TT Liễu Đề -Nghĩa Hưng -Nam Định ', N'917346337', 426500)
GO
INSERT [dbo].[PublicAdministration] ([PublicAdministrationLocationID], [PublicAdministrationName], [Address], [Phone], [PosCode]) VALUES (567, N'Bảo hiểm xã hội Vụ Bản', N'Thị Trấn Gôi Vụ Bản ', N'2283820148', 424200)
GO
INSERT [dbo].[PublicAdministration] ([PublicAdministrationLocationID], [PublicAdministrationName], [Address], [Phone], [PosCode]) VALUES (568, N'Bảo Hiểm Xã Hội Huyện Giao Thủy', N'Khu 1 Thị Trấn Ngô Đồng', N'2283860021', 427800)
GO
INSERT [dbo].[PublicAdministration] ([PublicAdministrationLocationID], [PublicAdministrationName], [Address], [Phone], [PosCode]) VALUES (569, N'Bảo hiểm xã hội huyện Hải Hậu ', N'Khu 6 TT Yên Định Hải Hậu Nam Định', N'2283877387', 428200)
GO
INSERT [dbo].[PublicAdministration] ([PublicAdministrationLocationID], [PublicAdministrationName], [Address], [Phone], [PosCode]) VALUES (570, N'Bảo hiểm xã hội huyên Trực Ninh', N'Thị trấn Cổ Lễ Trực Ninh Nam Định', N'228381185', 425100)
GO
INSERT [dbo].[PublicAdministration] ([PublicAdministrationLocationID], [PublicAdministrationName], [Address], [Phone], [PosCode]) VALUES (571, N'Bảo hiểm xã hội Nam Trực', N'Thị trấn Nam Giang Nam Trực Nam Định', N'2283827506', 424600)
GO
INSERT [dbo].[PublicAdministration] ([PublicAdministrationLocationID], [PublicAdministrationName], [Address], [Phone], [PosCode]) VALUES (572, N'Công an Tỉnh', N'124Trần Đăng Ninh', N'1252800863', 421650)
GO
INSERT [dbo].[PublicAdministration] ([PublicAdministrationLocationID], [PublicAdministrationName], [Address], [Phone], [PosCode]) VALUES (573, N'Xuất nhập cảnh', N'Hoàng hoa thám', N'912933381', 421650)
GO
INSERT [dbo].[PublicAdministration] ([PublicAdministrationLocationID], [PublicAdministrationName], [Address], [Phone], [PosCode]) VALUES (574, N'Trường Cao Đẳng Nghề Quân Khu 3(0,5)', N'Nam phong', N'915300088', 421650)
GO
INSERT [dbo].[PublicAdministration] ([PublicAdministrationLocationID], [PublicAdministrationName], [Address], [Phone], [PosCode]) VALUES (575, N'Trường Trung Cấp Nghề Đại Lâm(3)', N'Mỹ trung', N'1244720932', 421650)
GO
INSERT [dbo].[PublicAdministration] ([PublicAdministrationLocationID], [PublicAdministrationName], [Address], [Phone], [PosCode]) VALUES (576, N'Sở GTVT', N'Điện biên', N'943921801', 421650)
GO
INSERT [dbo].[PublicAdministration] ([PublicAdministrationLocationID], [PublicAdministrationName], [Address], [Phone], [PosCode]) VALUES (577, N'Sở tư pháp', N'Mạc Thị Bưởi', N'946486966', 421650)
GO
INSERT [dbo].[PublicAdministration] ([PublicAdministrationLocationID], [PublicAdministrationName], [Address], [Phone], [PosCode]) VALUES (578, N'Công an Huyện Xuân Trường', N'Thị trấn Xuân Trường Nam Định', N'2283886944', 427100)
GO
INSERT [dbo].[PublicAdministration] ([PublicAdministrationLocationID], [PublicAdministrationName], [Address], [Phone], [PosCode]) VALUES (579, N'Công An Huyện Nghĩa Hưng ', N'TT Liễu Đề -Nghĩa Hưng -Nam Định ', N'1238100026', 426500)
GO
INSERT [dbo].[PublicAdministration] ([PublicAdministrationLocationID], [PublicAdministrationName], [Address], [Phone], [PosCode]) VALUES (580, N'CÔNG AN HUYỆN MỸ LỘC', N'Km8 Quốc lộ 21A TT Mỹ Lộc Nam Định', N'2283810695', 423900)
GO
INSERT [dbo].[PublicAdministration] ([PublicAdministrationLocationID], [PublicAdministrationName], [Address], [Phone], [PosCode]) VALUES (581, N'Công an huyện Vụ Bản', N'Thị Trấn Gôi Vụ Bản ', N'2283820041', 424200)
GO
INSERT [dbo].[PublicAdministration] ([PublicAdministrationLocationID], [PublicAdministrationName], [Address], [Phone], [PosCode]) VALUES (582, N'Công an Huyện Giao Thủy ', N'Khu 3 Thị Trấn Ngô Đồng', N'2283895013', 427800)
GO
INSERT [dbo].[PublicAdministration] ([PublicAdministrationLocationID], [PublicAdministrationName], [Address], [Phone], [PosCode]) VALUES (583, N'Công an huyện Hải Hậu ', N'khu 4 TT Yên Định Hải Hậu Nam Định ', N'2283877150', 428200)
GO
INSERT [dbo].[PublicAdministration] ([PublicAdministrationLocationID], [PublicAdministrationName], [Address], [Phone], [PosCode]) VALUES (584, N'Công an huyện Nam Trực', N'Thị trấn Nam Giang Nam Trực Nam Định', N'2283827030', 424600)
GO
INSERT [dbo].[PublicAdministration] ([PublicAdministrationLocationID], [PublicAdministrationName], [Address], [Phone], [PosCode]) VALUES (585, N'Công an TP', N'9 Chê lan viên', N'946486966', 421650)
GO
INSERT [dbo].[PublicAdministration] ([PublicAdministrationLocationID], [PublicAdministrationName], [Address], [Phone], [PosCode]) VALUES (586, N'Công an huyện Ý Yên', N'Thị trấn Lâm Ý Yên Nam Định', N'2283823030', 425700)
GO
INSERT [dbo].[PublicAdministration] ([PublicAdministrationLocationID], [PublicAdministrationName], [Address], [Phone], [PosCode]) VALUES (587, N'Trường trung cấp nghề số 8(0,5)', N'Nam phong', N'915300088', 421650)
GO
INSERT [dbo].[PublicAdministration] ([PublicAdministrationLocationID], [PublicAdministrationName], [Address], [Phone], [PosCode]) VALUES (1684, N'Sở Công Thương', N'331 Cầu Giấy', N'24.22155527', 122158)
GO
INSERT [dbo].[PublicAdministration] ([PublicAdministrationLocationID], [PublicAdministrationName], [Address], [Phone], [PosCode]) VALUES (1707, N'Cuc thi hanh an dan su TP Ha Noi', N'142 Trần Phú, Hà Đông, Hà Nội', N'243.3560224', 152090)
GO
INSERT [dbo].[PublicAdministration] ([PublicAdministrationLocationID], [PublicAdministrationName], [Address], [Phone], [PosCode]) VALUES (1708, N'Chi cục thi hành án dân sự quận Ba Đình (HCC)', N'Quận Ba Đình, thành phố Hà Nội', N'912213855', 118757)
GO
INSERT [dbo].[PublicAdministration] ([PublicAdministrationLocationID], [PublicAdministrationName], [Address], [Phone], [PosCode]) VALUES (1709, N'Chi cục thi hành án dân sự quận Hoàn Kiếm (HCC)', N'Quận Hoàn Kiếm, thành phố Hà Nội', N'988757693', 118757)
GO
INSERT [dbo].[PublicAdministration] ([PublicAdministrationLocationID], [PublicAdministrationName], [Address], [Phone], [PosCode]) VALUES (1710, N'Chi cục thi hành án dân sự quận Hai Bà Trưng (HCC)', N'Quận Hai Bà Trưng, thành phố Hà Nội', N'912553337', 118757)
GO
INSERT [dbo].[PublicAdministration] ([PublicAdministrationLocationID], [PublicAdministrationName], [Address], [Phone], [PosCode]) VALUES (1711, N'Chi cục thi hành án dân sự quận Đống Đa (HCC)', N'Quận Đống Đa, thành phố Hà Nội', N'986759565', 123085)
GO
INSERT [dbo].[PublicAdministration] ([PublicAdministrationLocationID], [PublicAdministrationName], [Address], [Phone], [PosCode]) VALUES (1713, N'Chi cục thi hành án dân sự quận Tây hồ (HCC)', N'Quận Tây Hồ, thành phố Hà Nội', N'902056047', 124065)
GO
INSERT [dbo].[PublicAdministration] ([PublicAdministrationLocationID], [PublicAdministrationName], [Address], [Phone], [PosCode]) VALUES (1714, N'Cục Thú Y -Bộ Nông Nghiệp và phát triển nông thôn', N'Số 15/78 Giải Phóng, Phương Mai , Đống Đa, Hà Nội', N'243.38696788', 123085)
GO
INSERT [dbo].[PublicAdministration] ([PublicAdministrationLocationID], [PublicAdministrationName], [Address], [Phone], [PosCode]) VALUES (1716, N'Sở Văn hóa và Thể thao Hà Nội', N'Số 47 Hàng Dầu - Hoàn Kiếm - Hà Nội', N'(024) 38255078', 118757)
GO
INSERT [dbo].[PublicAdministration] ([PublicAdministrationLocationID], [PublicAdministrationName], [Address], [Phone], [PosCode]) VALUES (1717, N'Sở Quy hoạch - Kiến trúc Hà Nội', N'Số 31b phố Tràng Thi, quận Hoàn Kiếm, thành phố Hà Nội', N'43.8232312', 118757)
GO
INSERT [dbo].[PublicAdministration] ([PublicAdministrationLocationID], [PublicAdministrationName], [Address], [Phone], [PosCode]) VALUES (1718, N'Sở Nội vụ thành phố Hà Nội', N'18B Lê Thánh Tông, quận Hoàn Kiếm, Thành phố Hà Nội', N'043.933.5176', 118757)
GO
INSERT [dbo].[PublicAdministration] ([PublicAdministrationLocationID], [PublicAdministrationName], [Address], [Phone], [PosCode]) VALUES (1719, N'Chi cục thi hành án dân sự quận Cầu Giấy (HCC)', N'Quận Cầu Giấy, thành phố Hà Nội', N'944611991', 122158)
GO
INSERT [dbo].[PublicAdministration] ([PublicAdministrationLocationID], [PublicAdministrationName], [Address], [Phone], [PosCode]) VALUES (1720, N'Chi cục thi hành án dân sự quận Thanh Xuân (HCC)', N'Quận Thanh Xuân, thành phố Hà Nội', N'984272172', 120000)
GO
INSERT [dbo].[PublicAdministration] ([PublicAdministrationLocationID], [PublicAdministrationName], [Address], [Phone], [PosCode]) VALUES (1721, N'Chi cục thi hành án dân sự quận Long Biên (HCC)', N'Quận Long Biên, thành phố Hà Nội', N'942634566', 125400)
GO
INSERT [dbo].[PublicAdministration] ([PublicAdministrationLocationID], [PublicAdministrationName], [Address], [Phone], [PosCode]) VALUES (1728, N'Trung tâm Tần số vô tuyến điện khu vực 1-Cục tần Số', N'Tầng 27 Tòa nhà 115 Trần Duy Hưng, Cầu Giấy, Hà Nội', N'915692233', 120000)
GO
INSERT [dbo].[PublicAdministration] ([PublicAdministrationLocationID], [PublicAdministrationName], [Address], [Phone], [PosCode]) VALUES (1854, N'Cục chứng thư số và Bảo mật thông tin -Ban cơ yếu chính phủ (CA )', N'23 Ngụy Như Kom Tum, Thanh Xuân , Hà Nội', N'918491930', 120080)
GO
INSERT [dbo].[Profile] ([ProfileID], [ProfileName], [PublicAdministrationLocationID]) VALUES (6592, N'Cấp Phiếu lý lịch tư pháp cho công dân Việt Nam, người nước ngoài đang cư trú tại Việt Nam', 274)
GO
INSERT [dbo].[Profile] ([ProfileID], [ProfileName], [PublicAdministrationLocationID]) VALUES (15325, N'Cấp BHXH, BHYT', 565)
GO
INSERT [dbo].[Profile] ([ProfileID], [ProfileName], [PublicAdministrationLocationID]) VALUES (15326, N'Cấp CMND, ĐKX', 586)
GO
INSERT [dbo].[Profile] ([ProfileID], [ProfileName], [PublicAdministrationLocationID]) VALUES (15327, N'Nhận chuyển phát sổ thẻ BH', 562)
GO
INSERT [dbo].[Profile] ([ProfileID], [ProfileName], [PublicAdministrationLocationID]) VALUES (15328, N'Nhận chuyển phát sổ thẻ BH', 563)
GO
INSERT [dbo].[Profile] ([ProfileID], [ProfileName], [PublicAdministrationLocationID]) VALUES (15329, N'Cấp đổi CMT', 585)
GO
INSERT [dbo].[Profile] ([ProfileID], [ProfileName], [PublicAdministrationLocationID]) VALUES (15330, N'Cấp đổi CMT', 572)
GO
INSERT [dbo].[Profile] ([ProfileID], [ProfileName], [PublicAdministrationLocationID]) VALUES (15331, N'HCC', 577)
GO
INSERT [dbo].[Profile] ([ProfileID], [ProfileName], [PublicAdministrationLocationID]) VALUES (15332, N'Cấp đổi hộ chiếu', 573)
GO
INSERT [dbo].[Profile] ([ProfileID], [ProfileName], [PublicAdministrationLocationID]) VALUES (15333, N'Cấp đổi GFLX', 576)
GO
INSERT [dbo].[Profile] ([ProfileID], [ProfileName], [PublicAdministrationLocationID]) VALUES (15334, N'Cấp đổi GFLX', 561)
GO
INSERT [dbo].[Profile] ([ProfileID], [ProfileName], [PublicAdministrationLocationID]) VALUES (15335, N'Cấp đổi GFLX', 575)
GO
INSERT [dbo].[Profile] ([ProfileID], [ProfileName], [PublicAdministrationLocationID]) VALUES (15336, N'Cấp đổi GFLX (Trường Trung Cấp Nghề GTVT)', 576)
GO
INSERT [dbo].[Profile] ([ProfileID], [ProfileName], [PublicAdministrationLocationID]) VALUES (15337, N'Cấp đổi GFLX', 574)
GO
INSERT [dbo].[Profile] ([ProfileID], [ProfileName], [PublicAdministrationLocationID]) VALUES (15338, N'Cấp đổi GFLX', 587)
GO
INSERT [dbo].[Profile] ([ProfileID], [ProfileName], [PublicAdministrationLocationID]) VALUES (15339, N'GFLX', 587)
GO
INSERT [dbo].[Profile] ([ProfileID], [ProfileName], [PublicAdministrationLocationID]) VALUES (15340, N'Cấp CMND, ĐKX', 583)
GO
INSERT [dbo].[Profile] ([ProfileID], [ProfileName], [PublicAdministrationLocationID]) VALUES (15341, N'Cấp BHXH, BHYT', 569)
GO
INSERT [dbo].[Profile] ([ProfileID], [ProfileName], [PublicAdministrationLocationID]) VALUES (15342, N'Cấp BHXH, BHYT', 560)
GO
INSERT [dbo].[Profile] ([ProfileID], [ProfileName], [PublicAdministrationLocationID]) VALUES (15343, N'Cấp CMND, ĐKX', 580)
GO
INSERT [dbo].[Profile] ([ProfileID], [ProfileName], [PublicAdministrationLocationID]) VALUES (15344, N'Cấp BHXH, BHYT', 571)
GO
INSERT [dbo].[Profile] ([ProfileID], [ProfileName], [PublicAdministrationLocationID]) VALUES (15345, N'Cấp CMND, ĐKX', 584)
GO
INSERT [dbo].[Profile] ([ProfileID], [ProfileName], [PublicAdministrationLocationID]) VALUES (15346, N'Chứng Minh Thư ', 582)
GO
INSERT [dbo].[Profile] ([ProfileID], [ProfileName], [PublicAdministrationLocationID]) VALUES (15347, N'Hồ Sơ Bảo hiểm ', 568)
GO
INSERT [dbo].[Profile] ([ProfileID], [ProfileName], [PublicAdministrationLocationID]) VALUES (15348, N'Chuyển phát sổ BHXH', 564)
GO
INSERT [dbo].[Profile] ([ProfileID], [ProfileName], [PublicAdministrationLocationID]) VALUES (15349, N'Chuyển phát CMT ', 578)
GO
INSERT [dbo].[Profile] ([ProfileID], [ProfileName], [PublicAdministrationLocationID]) VALUES (15350, N'Chuyển phát hồ sơ, kết quả thủ tục bảo hiểm xã hội ', 566)
GO
INSERT [dbo].[Profile] ([ProfileID], [ProfileName], [PublicAdministrationLocationID]) VALUES (15351, N'Chuyển phát CMTND, Đăng kí xe', 579)
GO
INSERT [dbo].[Profile] ([ProfileID], [ProfileName], [PublicAdministrationLocationID]) VALUES (15352, N'Cấp BHXH, BHYT', 567)
GO
INSERT [dbo].[Profile] ([ProfileID], [ProfileName], [PublicAdministrationLocationID]) VALUES (15353, N'Cấp CMND, ĐKX', 581)
GO
INSERT [dbo].[Profile] ([ProfileID], [ProfileName], [PublicAdministrationLocationID]) VALUES (15354, N'Chuyển phát thẻ BHXH', 570)
GO
INSERT [dbo].[Profile] ([ProfileID], [ProfileName], [PublicAdministrationLocationID]) VALUES (15355, N'Chuyển phát CMND', 559)
GO
INSERT [dbo].[Profile] ([ProfileID], [ProfileName], [PublicAdministrationLocationID]) VALUES (15356, N'Chuyển phát GPLX', 559)
GO
INSERT [dbo].[Profile] ([ProfileID], [ProfileName], [PublicAdministrationLocationID]) VALUES (41869, N'Cấp Chứng chỉ hành nghề thú y thuộc thẩm quyền của Cục Thú y (gồm Sản xuất, kiểm nghiệm, khảo nghiệm, xuất khẩu, nhập khẩu thuốc thú y)', 1714)
GO
INSERT [dbo].[Profile] ([ProfileID], [ProfileName], [PublicAdministrationLocationID]) VALUES (41870, N'Gia hạn Chứng chỉ hành nghề thú y thuộc thẩm quyền của Cục Thú y (gồm Sản xuất, kiểm nghiệm, khảo nghiệm, xuất khẩu, nhập khẩu thuốc thú y)', 1714)
GO
INSERT [dbo].[Profile] ([ProfileID], [ProfileName], [PublicAdministrationLocationID]) VALUES (41871, N'Cấp lại Chứng chỉ hành nghề thú y (trong trường hợp bị mất, sai sót, hư hỏng; có thay đổi thông tin liên quan đến cá nhân đã được cấp Chứng chỉ hành nghề thú y)', 1714)
GO
INSERT [dbo].[Profile] ([ProfileID], [ProfileName], [PublicAdministrationLocationID]) VALUES (41872, N'Thủ tục đăng ký di vật, cổ vật, bảo vật quốc gia                         ', 1716)
GO
INSERT [dbo].[Profile] ([ProfileID], [ProfileName], [PublicAdministrationLocationID]) VALUES (41873, N'Thủ tục cấp giấy phép triển lãm mỹ thuật ', 1716)
GO
INSERT [dbo].[Profile] ([ProfileID], [ProfileName], [PublicAdministrationLocationID]) VALUES (41874, N'Thủ tục cấp giấy phép triển lãm tác phẩm nhiếp ảnh tại Việt Nam  ', 1716)
GO
INSERT [dbo].[Profile] ([ProfileID], [ProfileName], [PublicAdministrationLocationID]) VALUES (41875, N'Thủ tục thông báo tổ chức biểu diễn nghệ thuật, trình diễn thời trang; thi người đẹp, người mẫu                                                           ', 1716)
GO
INSERT [dbo].[Profile] ([ProfileID], [ProfileName], [PublicAdministrationLocationID]) VALUES (41876, N'Thủ tục cấp giấy phép tổ chức lễ hội ', 1716)
GO
INSERT [dbo].[Profile] ([ProfileID], [ProfileName], [PublicAdministrationLocationID]) VALUES (41877, N'Thủ tục thông báo tổ chức đoàn người thực hiện quảng cáo        ', 1716)
GO
INSERT [dbo].[Profile] ([ProfileID], [ProfileName], [PublicAdministrationLocationID]) VALUES (41878, N'Cấp phép cho người Việt Nam định cư ở nước ngoài, tổ chức, cá nhân nước ngoài tiến hành nghiên cứu, sưu tầm di sản văn hóa phi vật thể tại địa phương.', 1716)
GO
INSERT [dbo].[Profile] ([ProfileID], [ProfileName], [PublicAdministrationLocationID]) VALUES (41879, N'Đổi Giấy chứng nhận đăng ký hoạt động của cơ sở hỗ trợ nạn nhân bạo lực gia đình', 1716)
GO
INSERT [dbo].[Profile] ([ProfileID], [ProfileName], [PublicAdministrationLocationID]) VALUES (41880, N'Đổi Giấy chứng nhận đăng ký hoạt động của cơ sở tư vấn về phòng, chống bạo lực gia đình', 1716)
GO
INSERT [dbo].[Profile] ([ProfileID], [ProfileName], [PublicAdministrationLocationID]) VALUES (41881, N'Cấp lại Thẻ nhân viên chăm sóc nạn nhân bạo lực gia đình', 1716)
GO
INSERT [dbo].[Profile] ([ProfileID], [ProfileName], [PublicAdministrationLocationID]) VALUES (41882, N'Cấp lại Thẻ nhân viên tư vấn phòng, chống bạo lực gia đình', 1716)
GO
INSERT [dbo].[Profile] ([ProfileID], [ProfileName], [PublicAdministrationLocationID]) VALUES (41883, N'Cấp Chứng chỉ hành nghề tu bổ di tích', 1716)
GO
INSERT [dbo].[Profile] ([ProfileID], [ProfileName], [PublicAdministrationLocationID]) VALUES (41884, N'Cấp lại Chứng chỉ hành nghề tu bổ di tích', 1716)
GO
INSERT [dbo].[Profile] ([ProfileID], [ProfileName], [PublicAdministrationLocationID]) VALUES (41885, N'Cấp Giấy chứng nhận đủ điều kiện hành nghề tu bổ di tích', 1716)
GO
INSERT [dbo].[Profile] ([ProfileID], [ProfileName], [PublicAdministrationLocationID]) VALUES (41886, N'Cấp lại Giấy chứng nhận đủ điều kiện hành nghề tu bổ di tích', 1716)
GO
INSERT [dbo].[Profile] ([ProfileID], [ProfileName], [PublicAdministrationLocationID]) VALUES (41906, N'Cấp nội dung Giấy phép sử dụng tần số và thiết bị vô tuyến điện đối với đài truyền thanh không dây', 1728)
GO
INSERT [dbo].[Profile] ([ProfileID], [ProfileName], [PublicAdministrationLocationID]) VALUES (41907, N'Gia hạn nội dung Giấy phép sử dụng tần số và thiết bị vô tuyến điện đối với đài truyền thanh không dây', 1728)
GO
INSERT [dbo].[Profile] ([ProfileID], [ProfileName], [PublicAdministrationLocationID]) VALUES (41908, N'Sửa đổi, Bổ sung nội dung Giấy phép sử dụng tần số và thiết bị vô tuyến điện đối với đài truyền thanh không dây', 1728)
GO
INSERT [dbo].[Profile] ([ProfileID], [ProfileName], [PublicAdministrationLocationID]) VALUES (42990, N'Cấp mới Chứng thư số', 1854)
GO
